gpu_name,gpu_class
NVIDIAGEFORCERTX3080TI,1
NVIDIARTXA5500,1
NVIDIAGEFORCERTX3080,1
NVIDIARTXA4500,1
NVIDIAGEFORCERTX3070TI,1
NVIDIARTXA5000,1
NVIDIAQUADRORTX6000,1
AMDRADEONRX6850MXT,1
AMDRADEONRX6800M,1
NVIDIAGEFORCERTX2080SUPER,1
NVIDIAGEFORCERTX3070,1
NVIDIARTXA4000,1
AMDRADEONRX6800S,1
AMDRADEONRX6700M,1
NVIDIAGEFORCERTX3080MAX-Q,1
APPLEM1MAX32-COREGPU,1
NVIDIAGEFORCERTX2080,1
NVIDIAGEFORCEGTX1080SLI,1
NVIDIAGEFORCEGTX1070SLI,1
INTELA770M,2
NVIDIAQUADRORTX5000,2
NVIDIAGEFORCERTX3070MAX-Q,2
NVIDIARTXA3000,2
APPLEM1MAX24-COREGPU,2
NVIDIAGEFORCERTX3060,2
NVIDIAGEFORCERTX2070SUPER,2
NVIDIAGEFORCERTX2080SUPERMAX-Q,2
NVIDIAQUADRORTX5000MAX-Q,2
NVIDIAGEFORCERTX2080MAX-Q,2
INTELA730M,2
NVIDIAGEFORCERTX2070,2
NVIDIAGEFORCEGTX1080,2
NVIDIAQUADRORTX4000,2
NVIDIAGEFORCERTX3060MAX-Q,2
APPLEM1PRO16-COREGPU,2
AMDRADEONRX6650MXT,2
AMDRADEONRX6650M,2
AMDRADEONRX6600M,2
AMDRADEONRX6700S,2
NVIDIAGEFORCERTX2070SUPERMAX-Q,2
NVIDIAQUADRORTX4000MAX-Q,2
APPLEM1PRO14-COREGPU,2
NVIDIAGEFORCERTX2070MAX-Q,2
NVIDIAGEFORCEGTX980SLI,2
AMDRADEONRX6600S,2
NVIDIAQUADROP5200,2
NVIDIAQUADRORTX3000,2
NVIDIAGEFORCERTX2060,2
NVIDIAQUADRORTX3000MAX-Q,2
NVIDIAGEFORCEGTX1080MAX-Q,2
NVIDIAGEFORCEGTX1070,2
NVIDIAGEFORCERTX2060MAX-Q,2
NVIDIAQUADROP4200,2
NVIDIARTXA2000,2
AMDRADEONRX5600M,2
NVIDIAQUADROP5000,2
NVIDIAGEFORCEGTX1660TI,2
NVIDIAGEFORCERTX3050TI,2
NVIDIARTXA1000,2
NVIDIAGEFORCEGTX1070MAX-Q,2
AMDRADEONPRO5600M,2
INTELA550M,2
NVIDIAGEFORCEGTX1660TIMAX-Q,2
NVIDIAQUADROP5000MAX-Q,2
NVIDIAGEFORCEGTX980MSLI,2
NVIDIAGEFORCERTX3050,2
NVIDIARTXA500,2
AMDRADEONRX6500M,2
INTELA370M,2
NVIDIAGEFORCEGTX980,2
NVIDIAQUADROM5500,2
NVIDIAGEFORCEGTX970MSLI,2
NVIDIAQUADROP4000,2
NVIDIAQUADROT2000,2
NVIDIAGEFORCEGTX1060,2
NVIDIAGEFORCEGTX1650TI,2
AMDRADEONRX5500M,2
AMDRADEONPRO5500M,2
NVIDIAQUADROP4000MAX-Q,2
NVIDIAQUADROP3200,2
AMDRADEONRX580X,2
AMDRADEONRX580,2
AMDVEGA,2
NVIDIAGEFORCERTX2050,2
NVIDIAGEFORCEMX570,2
AMDRADEONRX6300M,2
AMDRADEONPRO5300M,2
AMDRADEONRX5300M,2
NVIDIAQUADROP3000,2
NVIDIAGEFORCEGTX1650,2
NVIDIAGEFORCEGTX1060MAX-Q,2
NVIDIAQUADROP3000MAX-Q,2
NVIDIAGEFORCEGTX1650TIMAX-Q,2
NVIDIAQUADROT2000MAX-Q,2
AMDRADEONRX480,2
AMDRADEONPROWX7100,2
AMDRADEONRX570X,2
AMDRADEONRX570,2
AMDRADEONRX470,2
NVIDIAGEFORCEGTX1650MAX-Q,2
NVIDIAT1200,2
NVIDIAQUADROT1000,2
NVIDIAQUADROT1000MAX-Q,2
INTELA350M,2
NVIDIAT600,2
NVIDIAT500,2
NVIDIAGEFORCEGTX880MSLI,3
NVIDIAGEFORCEGTX780MSLI,3
AMDRADEONRX490M,3
NVIDIAGEFORCEGTX965MSLI,3
AMDRADEONR9M290XCROSSFIRE,3
AMDRADEONHD8970MCROSSFIRE,3
NVIDIAGEFORCEGTX680MSLI,3
AMDRADEONHD7970MCROSSFIRE,3
NVIDIAGEFORCEGTX980M,3
AMDVEGAMGH,3
NVIDIAQUADROM5000M,3
AMDRADEONPROVEGA20,3
NVIDIAGEFORCEGTX1050TI,3
NVIDIAGEFORCEMX550,3
AMDRADEON680M,3
NVIDIAQUADROP2000,3
NVIDIAQUADROP2000MAX-Q,3
NVIDIAQUADROM4000M,3
NVIDIAGEFORCEGTX970M,3
NVIDIAGEFORCEMX450,3
NVIDIAGEFORCEGTX860MSLI,3
NVIDIAGEFORCEGTX770MSLI,3
AMDRADEONR9M395X,3
NVIDIAGEFORCEGTX1050TIMAX-Q,3
AMDRADEONPROVEGA16,3
AMDVEGAMGL/870,3
AMDWXVEGAMGL,3
AMDRADEONR9M485X,3
AMDRADEONR9M295X,3
AMDRADEONR9M390X,3
NVIDIAQUADROM3000M,3
NVIDIAGEFORCEGTX1050,3
AMDFIREPROW7170M,3
AMDRADEONR9M395,3
NVIDIAGEFORCEGTX880M,3
NVIDIAGEFORCEGTX1050MAX-Q,3
NVIDIAGEFORCEGTX780M,3
NVIDIAQUADROK5100M,3
NVIDIAGEFORCEGTX680MX,3
AMDRADEONPROWX4150,3
NVIDIAGEFORCEGTX965M,3
AMDRADEONRX560X,3
AMDRADEONRX560,3
NVIDIAQUADROM2200,3
NVIDIAGEFORCEGTX870M,3
AMDRADEONR9M290X,3
AMDRADEONHD8970M,3
NVIDIAGEFORCEGTX675MSLI,3
NVIDIAGEFORCEGTX765MSLI,3
AMDRADEONRX460,3
NVIDIAGEFORCEGTX680M,3
NVIDIAGEFORCEGTX775M,3
NVIDIAQUADROP1000,3
AMDRADEONR9M390,3
INTELXEMAX,3
AMDFIREPROM6100,3
AMDRADEONHD7970M,3
AMDRADEONPRO560X,3
AMDRADEONPRO560,3
AMDRADEONPRO460,3
AMDRADEONPROWX4130,3
INTELIRISXEG796EUS,3
NVIDIAGEFORCEMX350,3
NVIDIAGEFORCEGTX960M,3
NVIDIAGEFORCEGTX670MXSLI,3
NVIDIAQUADROM1200,3
NVIDIAQUADROP620,3
AMDRADEONRX550X,3
AMDRADEONRX550,3
AMDRADEONRX640,3
AMDRADEONPROWX3200,3
AMDRADEONPRO555X,3
AMDRADEONPRO555,3
AMDRADEONPRO455,3
NVIDIAQUADROP600,3
NVIDIAGEFORCEMX250,3
NVIDIAGEFORCEMX330,3
NVIDIAGEFORCEMX150,3
INTELIRISXEG780EUS,3
NVIDIAQUADROM2000M,3
NVIDIAQUADROK5000M,3
NVIDIAQUADROK4100M,3
NVIDIAGEFORCEGTX770M,3
AMDRADEONRX540X,3
AMDRADEONPROWX2100,3
AMDRADEONRX540,3
AMDRADEONPROWX3100,3
NVIDIAGEFORCEGTX860M,3
NVIDIAGEFORCEGTX580MSLI,3
AMDRADEONHD6990MCROSSFIRE,3
NVIDIAGEFORCEGT755MSLI,3
NVIDIAGEFORCEGTX485MSLI,3
AMDRADEONHD6970MCROSSFIRE,3
NVIDIAGEFORCEGTX675MX,3
NVIDIAGEFORCEGT750MSLI,3
NVIDIAGEFORCEGTX950M,3
AMDRADEONPRO450,3
AMDRADEON630,3
AMDRADEON540X,3
AMDRADEONR9M470X,3
AMDRADEONR9M385X,3
NVIDIAQUADROP520,3
NVIDIAGEFORCEGTX850M,3
NVIDIAQUADROM1000M,3
NVIDIAQUADROM620,3
AMDRADEONR9M280X,3
AMDRADEONHD7950M,3
NVIDIAGEFORCE945M,3
APPLEM210-COREGPU,3
NVIDIAGEFORCEGTX765M,3
NVIDIAGEFORCEGTX470MSLI,3
NVIDIAGEFORCEGTX480MSLI,3
NVIDIAGEFORCEGTX560MSLI,3
NVIDIAQUADROK4000M,3
NVIDIAQUADROP500,3
INTELUHDGRAPHICS64EUS,3
INTELIRISPLUSGRAPHICSG7(ICELAKE64EU),3
AMDVEGA10,3
INTELIRISPROGRAPHICSP580,3
INTELIRISPROGRAPHICS580,3
NVIDIAGEFORCEGTX675M,3
NVIDIAGEFORCEGTX580M,3
AMDRADEONHD6990M,3
AMDRADEONR9M470,3
AMDRADEONR9M385,3
AMDRADEONR9M380,3
NVIDIAGEFORCEGT650MSLI,3
NVIDIAGEFORCEGTX460MSLI,3
ATIMOBILITYRADEONHD5870CROSSFIRE,3
NVIDIAGEFORCEGTX485M,3
NVIDIAGEFORCEGTX285MSLI,3
NVIDIAQUADROK3100M,3
AMDFIREPROW5170M,3
AMDRADEONR9M370X,3
NVIDIAGEFORCEGTX670MX,3
NVIDIAQUADRO5010M,3
NVIDIAGEFORCEGTX760M,3
AMDRADEONR9M275,3
NVIDIAGEFORCEGTX670M,3
AMDVEGA9,3
"NVIDIAMAXWELLGPU(940M,GDDR5)",3
AMDFIREPROW5130M,3
AMDFIREPROM8900,3
AMDRADEONHD6970M,3
AMDRADEONR9M270,3
AMDRADEONHD8870M,3
AMDRADEONHD7870M,3
NVIDIAQUADROK3000M,3
NVIDIAGEFORCEGTX570M,3
INTELUHDGRAPHICSXEG448EUS,3
INTELUHDGRAPHICSXE32EUS(TIGERLAKE-H),3
INTELUHDGRAPHICSXE75032EUS,3
AMDFIREPROM6000,3
AMDFIREPROM5100,3
NVIDIAGEFORCEMX230,3
AMDVEGA8,3
NVIDIAQUADROK2100M,3
NVIDIAGEFORCEGTX280MSLI,3
AMDRADEONHD6950M,3
NVIDIAGEFORCEGT755M,3
NVIDIAGEFORCEGTX660M,3
NVIDIAGEFORCE845M,3
AMDRADEONHD8850M,3
AMDRADEONR9M365X,3
AMDRADEONR9M265X,3
AMDRADEONHD7850M,3
AMDRADEONR7M465,3
AMDRADEONHD8790M,3
AMDFIREPROW4170M,3
ATIMOBILITYRADEONHD4870X2,3
NVIDIAQUADRO4000M,3
NVIDIAGEFORCEGTX470M,3
NVIDIAGEFORCEGTX480M,3
NVIDIAGEFORCEGT750M,3
INTELIRISPROGRAPHICS6200,3
NVIDIAGEFORCEMX130,3
NVIDIAGEFORCE940MX,3
NVIDIAQUADROM520,3
NVIDIAQUADROK1100M,3
AMDRADEONVEGA8,3
AMDVEGA7,3
AMDRADEON660M,3
NVIDIAGEFORCE940M,3
INTELIRISPLUSGRAPHICSG4(ICELAKE48EU),3
NVIDIAGEFORCE930MX,3
APPLEM18-COREGPU,3
APPLEM17-COREGPU,3
APPLEA12ZBIONICGPU,3
APPLEA12XBIONICGPU,3
NVIDIAQUADROM600M,3
AMDFIREPROW4190M,3
AMDRADEONR9M375,3
INTELIRISPLUSGRAPHICS655,3
AMDRADEONR7M445,3
AMDRADEONR7M380,3
AMDRADEONR7M370,3
QUALCOMMADRENO730,3
APPLEA15GPU5-CORE,3
ARMMALI-G710MP10,3
NVIDIAGEFORCEGT650M,3
NVIDIAQUADROK620M,3
NVIDIAQUADROM500M,3
NVIDIAGEFORCE840M,3
AMDRADEONR7M275DX,3
NVIDIAGEFORCEGT745M,3
AMDRADEONHD7770M,3
NVIDIAGEFORCEGTX560M,3
INTELIRISPROGRAPHICS5200,3
APPLEA15GPU4-CORE,3
APPLEA14BIONICGPU,3
SAMSUNGXCLIPSE920,3
QUALCOMMADRENO660,3
ARMMALI-G78MP24,3
ARMMALI-G78MP22,3
NVIDIAGEFORCEGT740M,3
INTELIRISPLUSGRAPHICS650,3
NVIDIAGEFORCE930M,3
INTELIRISGRAPHICS550,3
AMDRADEON530,3
AMDRADEON625,3
AMDVEGA6,3
INTELIRISPLUSGRAPHICS645,3
APPLEA13BIONICGPU,3
NVIDIAGEFORCE830M,3
NVIDIAGEFORCEMX110,3
INTELIRISPLUSGRAPHICS640,3
NVIDIAGEFORCE920MX,3
INTELIRISGRAPHICS540,3
APPLEA12BIONICGPU,3
QUALCOMMADRENO650,3
ARMMALI-G78MP20,3
ARMMALI-G78MP14,3
APPLEA11BIONICGPU,3
IMAGINATIONA10XFUSIONGPU,3
NVIDIAQUADROK2000M,3
NVIDIAGEFORCEGTX260MSLI,3
NVIDIAGEFORCEGT735M,3
ATIMOBILITYRADEONHD5870,3
NVIDIAGEFORCE825M,3
NVIDIAQUADRO5000M,3
AMDFIREPROM4000,3
ATIFIREPROM7820,3
AMDRADEONHD6870M,3
NVIDIAGEFORCE9800MGTXSLI,3
AMDRADEONHD8830M,3
AMDRADEONHD8770M,3
AMDRADEONR7M260X,3
NVIDIAGEFORCEGTX460M,3
AMDRADEONHD8550G+HD8750MDUALGRAPHICS,3
NVIDIAGEFORCEGT730M,3
NVIDIAGEFORCEGT645M,3
AMDRADEONHD7750M,3
AMDFIREPROM4100,3
AMDRADEONHD8750M,3
NVIDIAQUADRO3000M,3
AMDRADEONR7M270,3
AMDRADEONR7M265,3
NVIDIAQUADROFX3800M,3
NVIDIAGEFORCEGTX285M,3
ATIMOBILITYRADEONHD4870,3
AMDRADEONR7(BRISTOLRIDGE),3
NVIDIAGEFORCEGT640M,3
AMDRADEONR7(CARRIZO),3
AMDRADEONR7(KAVERI),3
AMDRADEONR8M365DX,3
AMDRADEONR7M460,3
AMDRADEONHD7730M,3
IMAGINATIONA9X/POWERVRGT7XXX,3
AMDRADEONR7M360,3
NVIDIAGEFORCEGTX280M,3
NVIDIAGEFORCE920M,3
NVIDIAGEFORCE9800MGTSLI,3
AMDRADEONHD8690M,3
AMDRADEONR8M445DX,3
AMDRADEON620,3
AMDRADEONR7M440,3
NVIDIAGEFORCE9800MGTSSLI,3
ATIMOBILITYRADEONHD3870X2,3
NVIDIAGEFORCE8800MGTXSLI,3
ATIMOBILITYRADEONHD3850X2,3
NVIDIAQUADROFX3700M,3
AMDRADEONR7M260,3
AMDRADEONR7M340,3
AMDRADEON520,3
AMDRADEON610,3
AMDRADEONR6M340DX,3
AMDVEGA6,3
AMDVEGA5,3
INTELUHDGRAPHICSG1(ICELAKE32EU),3
INTELUHDGRAPHICSXE16EUS(TIGERLAKE-H),3
INTELUHDGRAPHICSG7(LAKEFIELDGT264EU),3
INTELHDGRAPHICS530,3
INTELHDGRAPHICSP530,3
NVIDIATEGRAX1MAXWELLGPU,3
AMDRADEONR5(BRISTOLRIDGE),3
INTELUHDGRAPHICS620,3
INTELHDGRAPHICS620,3
AMDRADEONR6(CARRIZO),3
QUALCOMMADRENO685,3
QUALCOMMADRENO680,3
ATIMOBILITYRADEONHD4860,3
ATIFIREPROM7740,3
ATIMOBILITYRADEONHD4850,3
NVIDIAGEFORCEGTX260M,3
NVIDIAGEFORCE9800MGTX,3
NVIDIAQUADROFX2800M,3
AMDRADEONHD6775G2,3
AMDRADEONHD7690MXT,3
AMDFIREPROM5950,3
NVIDIAGEFORCEGT640MLE,3
AMDRADEONR6(KAVERI),3
AMDRADEONHD8650M,3
AMDRADEONHD8730M,3
AMDRADEONHD6770M,3
NVIDIAGEFORCEGT635M,3
NVIDIAGEFORCEGT555M,3
ATIMOBILITYRADEONHD5850,3
AMDRADEONHD6850M,3
NVIDIAQUADRO2000M,3
NVIDIAGEFORCE9800MGT,3
NVIDIAGEFORCE8800MGTX,3
NVIDIAQUADROFX3600M,3
NVIDIAGEFORCEGT445M,3
NVIDIAGEFORCEGTS360M,3
AMDRADEONHD6755G2,3
AMDRADEONHD7690M,3
INTELHDGRAPHICS5600,3
AMDRADEONHD8650G+HD8670MDUALGRAPHICS,3
AMDRADEONHD8650G+HD8570MDUALGRAPHICS,3
AMDRADEONHD7660G+HD7670MDUALGRAPHICS,3
AMDRADEONHD8550G+HD8670MDUALGRAPHICS,3
AMDRADEONHD8670M,3
AMDRADEONR6M255DX,3
AMDRADEONHD6750M,3
NVIDIAQUADROK1000M,3
NVIDIAGEFORCEGT550M,3
AMDRADEONHD8590M,3
NVIDIAGEFORCEGTS260M,3
NVIDIAGEFORCEGTS160M,3
NVIDIAGEFORCE9800MGTS,3
AMDRADEONHD6830M,3
ATIMOBILITYRADEONHD5830,3
AMDRADEONHD6760G2,3
AMDRADEONHD6740G2,3
AMDRADEONHD6730M,3
NVIDIAGEFORCE9800MGS,3
ATIMOBILITYRADEONHD4830,3
ATIMOBILITYRADEONHD5770,3
AMDRADEONHD6570M,3
AMDRADEONHD8650G,3
AMDRADEONHD7640G+HD7670MDUALGRAPHICS,3
AMDRADEONHD6620G+HD7670MDUALGRAPHICS,3
AMDRADEONHD7520G+HD7670MDUALGRAPHICS,3
AMDRADEONHD7670M,3
NVIDIAGEFORCEGT630M,3
NVIDIAGEFORCEGTS150M,3
AMDRADEONR5M335,3
AMDRADEONR5M330,3
AMDRADEONR5M430,3
AMDRADEONR5M255,3
AMDVEGA3,3
NVIDIAQUADRO1000M,3
NVIDIAGEFORCE910M,3
NVIDIAGEFORCE820M,3
INTELHDGRAPHICS520,3
INTELIRISGRAPHICS6100,3
INTELUHDGRAPHICSG4(LAKEFIELDGT148EU),3
NVIDIAGEFORCEGT720M,3
NVIDIAGEFORCE8800MGTS,3
AMDRADEONR5M240,4
AMDRADEONR5M320,4
AMDRADEONR5M230,4
AMDRADEONR5M315,4
AMDRADEONR5M420,4
AMDVEGA2,4
AMDRADEONR5(STONEYRIDGE),4
IMAGINATIONA10FUSIONGPU,4
ATIMOBILITYRADEONHD5750,4
AMDRADEONHD6720G2,4
AMDRADEONHD8450G+RADEONHD8570MDUALGRAPHICS,4
AMDRADEONHD8570M,4
INTELHDGRAPHICS6000,4
NVIDIAQUADROK610M,4
AMDRADEONHD8550M,4
INTELIRISGRAPHICS5100,4
NVIDIAGEFORCEGT540M,4
AMDRADEONHD6690G2,4
AMDRADEONHD6650M,4
INTELHDGRAPHICS4600,4
ATIMOBILITYRADEONHD5730,4
INTELHDGRAPHICS5500,4
ARMMALI-G77MP11,4
ARMMALI-G77MP9,4
ARMMALI-G76MP16,4
ARMMALI-G610MP6,4
QUALCOMMADRENO642,4
QUALCOMMADRENO642L,4
QUALCOMMADRENO640,4
QUALCOMMADRENO630,4
ARMMALI-G76MP12,4
ARMMALI-G76MP10,4
ARMMALI-G57MP6,4
ARMMALI-G57MP5,4
QUALCOMMADRENO540,4
ARMMALI-G72MP18,4
ARMMALI-G71MP20,4
INTELUHDGRAPHICS(JASPERLAKE32EU),4
ARMMALI-G72MP12,4
ARMMALI-G71MP8,4
AMDRADEONR5(CARRIZO),4
INTELUHDGRAPHICS617,4
INTELUHDGRAPHICS615,4
INTELUHDGRAPHICS(JASPERLAKE24EU),4
INTELHDGRAPHICS615,4
AMDRADEONR5(KAVERI),4
ATIFIREPROM5800,4
NVIDIANVS5400M,4
NVIDIAGEFORCE710M,4
AMDRADEONHD7660G,4
NVIDIAGEFORCEGT435M,4
AMDRADEONHD6680G2,4
INTELHDGRAPHICS5000,4
NVIDIAQUADROK510M,4
AMDRADEONHD6550M,4
AMDRADEONHD7590M,4
NVIDIAGEFORCEGTS350M,4
NVIDIAGEFORCEGTS250M,4
AMDRADEONHD6630M,4
AMDRADEONHD7650M,4
AMDFIREPROM2000,4
AMDRADEONHD7570M,4
AMDRADEONHD7630M,4
NVIDIAQUADROFX1800M,4
ATIMOBILITYRADEONHD5650,4
AMDRADEONHD8510G,4
AMDRADEONHD6530M,4
AMDRADEONHD8550G,4
NVIDIAQUADROK500M,4
NVIDIAGEFORCEGT625M,4
NVIDIAGEFORCEGT620M,4
NVIDIAGEFORCEGT525M,4
AMDRADEONHD7640G+HD7610MDUALGRAPHICS,4
AMDRADEONHD7610M,4
AMDRADEONHD7620G,4
AMDRADEONHD7640G,4
IMAGINATIONPOWERVRGM9446,4
QUALCOMMADRENO530,4
IMAGINATIONPOWERVRGXA6850,4
NVIDIAGEFORCEULPK1(TEGRAK1KEPLERGPU),4
IMAGINATIONA9/POWERVRGT7600,4
ARMMALI-T880MP12,4
ARMMALI-G76MP4,4
INTELHDGRAPHICS515,4
INTELUHDGRAPHICS610,4
INTELHDGRAPHICS610,4
INTELHDGRAPHICS4400,4
AMDRADEONHD8610G,4
INTELHDGRAPHICS510,4
NVIDIANVS5200M,4
ATIMOBILITYRADEONHD565V,4
AMDRADEONHD7550M,4
ATIMOBILITYRADEONHD4670,4
NVIDIAGEFORCEGT425M,4
NVIDIAGEFORCE9700MGTS,4
AMDRADEONHD6645G2,4
NVIDIAQUADROFX2700M,4
NVIDIAGEFORCEGT335M,4
AMDRADEONHD7500G+HD7550MDUALGRAPHICS,4
AMDRADEONHD7600G,4
ATIMOBILITYRADEONHD3870,4
AMDRADEONHD6620G+HD7450MDUALGRAPHICS,4
AMDRADEONHD6640G2,4
ATIMOBILITYRADEONHD5165,4
ATIMOBILITYRADEONHD560V,4
ATIMOBILITYRADEONHD4650,4
NVIDIAGEFORCEGO7950GTXSLI,4
NVIDIAGEFORCEGO7900GTXSLI,4
NVIDIAGEFORCEGT420M,4
AMDRADEONHD7530M,4
ATIMOBILITYRADEONHD3850,4
NVIDIAGEFORCEGT330M,4
NVIDIAQUADROFX880M,4
NVIDIAQUADRONVS5100M,4
NVIDIAGEFORCEGT240M,4
AMDRADEONHD7490M,4
INTELUHDGRAPHICS(JASPERLAKE16EU),4
INTELUHDGRAPHICS605,4
INTELHDGRAPHICS505,4
INTELHDGRAPHICS5300,4
AMDRADEONHD7510M,4
NVIDIAGEFORCEGO7950GTX,4
NVIDIAQUADROFX3500M,4
NVIDIAGEFORCE8700MGTSLI,4
NVIDIAGEFORCE9700MGT,4
NVIDIAGEFORCEGT230M,4
ATIMOBILITYRADEONHD550V,4
INTELHDGRAPHICS4000,4
ARMMALI-T760MP8,4
ARMMALI-G71MP2,4
AMDRADEONHD6620G,4
AMDRADEONR4(STONEYRIDGE),4
QUALCOMMADRENO430,4
AMDRADEONR5(BEEMA/CARRIZO-L),4
AMDRADEONR4(BEEMA),4
AMDRADEONR4(KAVERI),4
AMDRADEONR3(MULLINS/BEEMA),4
AMDRADEONR2(STONEYRIDGE),4
INTELHDGRAPHICS(BROADWELL),4
INTELHDGRAPHICS4200,4
INTELHDGRAPHICS(SKYLAKE),4
AMDRADEONHD6545G2,4
AMDRADEONHD6520G+HD7450MDUALGRAPHICS,4
AMDRADEONHD6540G2,4
AMDRADEONHD7500G,4
AMDRADEONHD6480G+HD7450MDUALGRAPHICS,4
AMDRADEONHD6515G2,4
AMDRADEONHD8450G,4
AMDRADEONHD7470M,4
AMDRADEONHD6490M,4
AMDRADEONHD8410G,4
AMDRADEONHD8400,4
ARMMALI-G72MP3,4
ARMMALI-G68MP4,4
ARMMALI-T880MP4,4
ARMMALI-G52MP6,4
ARMMALI-G68MP2,4
ARMMALI-G52MP2,4
ARMMALI-G52MP1,4
NVIDIAGEFORCEGT520MX,4
AMDRADEONHD7520G,4
NVIDIAGEFORCEGT325M,4
NVIDIAGEFORCEGO7800GTXSLI,4
NVIDIAGEFORCE8600MGTSLI,4
NVIDIAGEFORCEGO7900GSSLI,4
NVIDIAGEFORCEGT130M,4
NVIDIANVS4200M,4
NVIDIAGEFORCEGO7900GTX,4
NVIDIAQUADROFX2500M,4
AMDRADEONHD8350G,4
AMDRADEONHD8330,4
INTELUHDGRAPHICS600,4
INTELHDGRAPHICS500,4
NVIDIAGEFORCE9650MGS,4
NVIDIAGEFORCE9650MGT,4
NVIDIAGEFORCE8700MGT,4
NVIDIAQUADROFX1700M,4
NVIDIAQUADROFX1600M,4
NVIDIAGEFORCEGO7800GTX,4
NVIDIAGEFORCEGO7900GS,4
NVIDIAQUADRONVS320M,4
NVIDIAQUADROFX1500M,4
NVIDIAGEFORCE9600MGT,4
NVIDIAGEFORCEGT220M,4
NVIDIAQUADROFX770M,4
NVIDIAGEFORCEGT120M,4
AMDRADEONHD6510G2,4
AMDRADEONHD7450M,4
NVIDIAGEFORCE610M,4
NVIDIAGEFORCE705M,4
ARMMALI-T760MP6,4
ARMMALI-T880MP2,4
INTELHDGRAPHICS405(BRASWELL),4
INTELHDGRAPHICS(BRASWELL),4
INTELHDGRAPHICS400(BRASWELL),4
AMDRADEONHD6470M,4
AMDFIREPROM3900,4
NVIDIAGEFORCEGT520M,4
AMDRADEONHD7420G,4
ATIMOBILITYRADEONHD3670,4
ATIMOBILITYFIREGLV5725,4
IMAGINATIONPOWERVRGX6450,4
QUALCOMMADRENO420,4
QUALCOMMADRENO620,4
ARMMALI-G57MP4,4
ARMMALI-G57MP3,4
ARMMALI-G57MP2,4
QUALCOMMADRENO618,4
INTELHDGRAPHICS(HASWELL),5
AMDRADEONHD6520G,5
AMDRADEONHD8310G,5
NVIDIAGEFORCE320M,5
NVIDIAGEFORCEGT320M,5
ATIMOBILITYRADEONHD2600XT,5
ATIMOBILITYRADEONX1900,5
ATIMOBILITYRADEONX1800XT,5
ATIMOBILITYRADEONX1800,5
NVIDIAGEFORCEGO6800ULTRA,5
NVIDIAGEFORCEGO7800,5
NVIDIAGEFORCE9600MGS,5
NVIDIAGEFORCE9500MGS,5
AMDRADEONHD7400G,5
AMDRADEONHD6480G,5
ATIMOBILITYRADEONHD2700,5
NVIDIAGEFORCEGT415M,5
NVIDIAGEFORCE410M,5
AMDRADEONHD7370M,5
QUALCOMMADRENO418,5
QUALCOMMADRENO619,5
QUALCOMMADRENO619L,5
ARMMALI-G57MP1,5
QUALCOMMADRENO616,5
AMDRADEONR2(MULLINS/BEEMA/CARRIZO-L),5
ARMMALI-G51MP4,5
AMDRADEONHD6370M,5
AMDRADEONHD8280,5
ATIMOBILITYRADEONHD5470,5
AMDRADEONHD6450M,5
AMDRADEONHD7430M,5
ATIMOBILITYRADEONHD3650,5
ATIMOBILITYFIREGLV5700,5
ATIMOBILITYRADEONHD5145,5
ATIMOBILITYRADEONHD545V,5
AMDRADEONHD8240,5
AMDRADEONR6(MULLINS),5
AMDRADEONHD8250,5
INTELHDGRAPHICS(CHERRYTRAIL),5
ATIMOBILITYRADEONHD4570,5
NVIDIAQUADROFX570M,5
ATIMOBILITYRADEONHD5450,5
NVIDIAGEFORCE8600MGT,5
ATIMOBILITYRADEONHD2600,5
INTELHDGRAPHICS3000,5
NVIDIAQUADROFX380M,5
NVIDIAGEFORCE310M,5
NVIDIAGEFORCEG210M,5
NVIDIANVS3100M,5
NVIDIAGEFORCE405M,5
NVIDIAGEFORCE315M,5
NVIDIAGEFORCEGO7600GT,5
NVIDIAGEFORCE9500MG,5
NVIDIAGEFORCE8600MGS,5
NVIDIANVS2100M,5
NVIDIAGEFORCEGO7700,5
NVIDIAGEFORCEGO6800,5
NVIDIAQUADROFXGO1400,5
ATIMOBILITYRADEONX800XT,5
AMDRADEONHD6430M,5
AMDRADEONHD6380G,5
ATIMOBILITYRADEONHD5430,5
AMDRADEONHD8210,5
ATIMOBILITYRADEONHD540V,5
ATIMOBILITYRADEONHD4550,5
INTELHDGRAPHICS2500,5
INTELHDGRAPHICS(IVYBRIDGE),5
AMDRADEONHD7350M,5
AMDRADEONHD6350M,5
ATIMOBILITYRADEONHD4530,5
ATIMOBILITYRADEONHD4350,5
ATIMOBILITYRADEONHD530V,5
NVIDIAGEFORCE305M,5
ATIMOBILITYRADEONX1700,5
ATIMOBILITYFIREGLV5250,5
ATIMOBILITYRADEONX2500,5
NVIDIAGEFORCEGO7600,5
NVIDIAQUADRONVS300M,5
ATIMOBILITYRADEONX800,5
ATIMOBILITYRADEONX1600,5
ATIMOBILITYFIREGLV5200,5
ATIMOBILITYRADEON9800,5
NVIDIAGEFORCEGO6600,5
ATIMOBILITYRADEONX1450,5
ATIMOBILITYRADEONX700,5
ATIMOBILITYFIREGLV5000,5
NVIDIAGEFORCEG110M,5
AMDRADEONHD6330M,5
ATIMOBILITYRADEONHD4330,5
NVIDIAGEFORCE8400MGT,5
NVIDIAQUADRONVS140M,5
INTELHDGRAPHICS2000,5
NVIDIAGEFORCEG105M,5
NVIDIAGEFORCEG103M,5
NVIDIAGEFORCE9500MGE,5
NVIDIAGEFORCEG102M,5
NVIDIAGEFORCEG205M,5
NVIDIAGEFORCE9400M(G)/ION(LE),5
INTELHDGRAPHICS(SANDYBRIDGE),5
QUALCOMMADRENO612,5
QUALCOMMADRENO610,5
QUALCOMMADRENO512,5
QUALCOMMADRENO510,5
QUALCOMMADRENO330,5
IMAGINATIONPOWERVRG6430,5
POWERVRGX6250,5
IMAGINATIONPOWERVRG6400,5
INTELHDGRAPHICS(BAYTRAIL),5
ARMMALI-T628MP6,5
ARMMALI-T760MP4,5
AMDRADEONHD7340,5
AMDRADEONHD6320,5
AMDRADEONHD7310,5
AMDRADEONHD6310,5
AMDRADEONHD8180,5
ATIMOBILITYRADEONHD3470HYBRIDX2,5
NVIDIAGEFORCE9400MGEFORCEBOOST,5
ATIMOBILITYRADEONHD3470,5
NVIDIAGEFORCE9300MG,5
NVIDIAION2,5
NVIDIAGEFORCE9300MGS,5
NVIDIAQUADROFX370M,5
NVIDIAQUADRONVS160M,5
NVIDIAGEFORCE9200MGS,5
AMDRADEONHD7290,5
AMDRADEONHD6290,5
ATIMOBILITYRADEONHD3450,5
ATIMOBILITYRADEONHD3430,5
ATIMOBILITYRADEONHD3410,5
ATIMOBILITYRADEONHD2400XT,5
ATIRADEONHD4270,5
ATIRADEONHD4250,5
ATIRADEONHD4200,5
INTELGRAPHICSMEDIAACCELERATOR(GMA)HDGRAPHICS,5
AMDRADEONHD6250,5
NVIDIAQUADRONVS150M,5
NVIDIAQUADROFX360M,5
ATIMOBILITYRADEONX1350,5
ATIMOBILITYRADEONX1400,5
NVIDIAGEFORCE9100MG,5
NVIDIAGEFORCE8400MGS,5
NVIDIAQUADRONVS135M,5
ATIMOBILITYRADEONHD2400,5
ATIRADEONHD3200,5
ATIRADEONHD4225,5
ATIRADEONHD4100,5
POWERVRSGX554MP4,5
ARMMALI-T628MP4,5
QUALCOMMADRENO509,5
QUALCOMMADRENO508,5
QUALCOMMADRENO506,5
POWERVRGE8322/IMG8322,5
QUALCOMMADRENO505,5
QUALCOMMADRENO504,5
ATIMOBILITYRADEONHD3400,5
ATIRADEONHD3100,5
NVIDIAGEFORCE8400MG,5
ARMMALI-T860MP2,5
ARMMALI-T830MP3,5
NVIDIAQUADRONVS130M,5
NVIDIAGEFORCE8200MG,5
INTELGRAPHICSMEDIAACCELERATOR(GMA)4700MHD,5
INTELGRAPHICSMEDIAACCELERATOR(GMA)4500MHD,5
INTELGRAPHICSMEDIAACCELERATOR(GMA)4500M,5
ARMMALI-T604MP4,5
NVIDIAGEFORCEGO7400,5
NVIDIAQUADROFX350M,5
NVIDIAQUADRONVS120M,5
NVIDIAGEFORCEGO7300,5
NVIDIAGEFORCETEGRA4,5
IMAGINATIONPOWERVRG6200,5
QUALCOMMADRENO405,5
ARMMALI-T830MP2,5
NVIDIAQUADRONVS110M,5
ATIMOBILITYRADEONX600,5
ATIMOBILITYFIREGLV3200,5
ATIMOBILITYFIREGLV3100,5
ATIMOBILITYRADEONX2300,5
ATIMOBILITYRADEONHD2300,5
ATIMOBILITYRADEON9700,5
ATIMOBILITYFIREGLT2E,6
ATIMOBILITYRADEONX1300,6
NVIDIAGEFORCE44200GO,6
ATIMOBILITYRADEON9600,6
ATIMOBILITYFIREGLT2,6
ATIMOBILITYRADEON9550,6
NVIDIAGEFORCEGO7200,6
NVIDIAGEFORCEGO6400,6
ATIMOBILITYRADEONX300,6
NVIDIAGEFORCEGO6250,6
NVIDIAGEFORCEGO6200,6
NVIDIAGEFORCEFXGO5700,6
NVIDIAQUADROFXGO1000,6
NVIDIAGEFORCEFXGO5600/5650,6
ATIRADEONXPRESSX1270,6
ATIRADEONXPRESSX1250,6
ATIRADEONXPRESS1250,6
ATIRADEONXPRESSX1200,6
INTELGRAPHICSMEDIAACCELERATOR(GMA)X3100,6
POWERVRSGX543MP4,6
ARMMALI-T624,6
QUALCOMMADRENO320,6
ARMMALI-T760MP2,6
IMAGINATIONPOWERVRGE8320,6
IMAGINATIONPOWERVRGE8300,6
IMAGINATIONPOWERVRGE8100,6
ARMMALI-T720MP4,6
ARMMALI-450MP4,6
ARMMALI-T830MP1,6
INTELGRAPHICSMEDIAACCELERATOR(GMA)3650,6
NVIDIAGEFORCE7190M,6
NVIDIAGEFORCE7150M,6
ATIRADEONXPRESS1150,6
NVIDIAGEFORCEGO6150,6
NVIDIAGEFORCEGO6100,6
NVIDIAGEFORCE7000M,6
POWERVRSGX543MP3,6
INTELGRAPHICSMEDIAACCELERATOR(GMA)3600,6
ATIMOBILITYRADEON9200,6
ATIMOBILITYFIREGL9000,6
NVIDIAGEFORCEFXGO5200,6
ATIMOBILITYRADEON9000,6
NVIDIAGEFORCE4488GO,6
NVIDIAGEFORCE4460GO,6
NVIDIAGEFORCE4440GO,6
NVIDIAGEFORCE4420GO,6
POWERVRSGX543MP2,6
INTELGRAPHICSMEDIAACCELERATOR(GMA)3150,6
INTELGRAPHICSMEDIAACCELERATOR(GMA)950,6
POWERVRSGX545,6
POWERVRSGX544MP2,6
ARMMALI-T720MP2,6
POWERVRSGX544,6
QUALCOMMADRENO308,6
QUALCOMMADRENO306,6
QUALCOMMADRENO305,6
QUALCOMMADRENO304,6
ARMMALI-T720,6
VIVANTEGC7000UL,6
QUALCOMMADRENO302,6
ATIMOBILITYRADEON7500,6
ATIMOBILITYFIREGL7800,6
INTELGRAPHICSMEDIAACCELERATOR(GMA)900,6
ATIRADEONXPRESS200M,6
ATIRADEONXPRESS1100,6
SISMIRAGE3+672MX,6
SISMIRAGE3671MX,6
QUALCOMMADRENO225,6
VIVANTEGC4000,6
ARMMALI-400MP4,6
NVIDIAGEFORCEULP(TEGRA3),6
BROADCOMVIDEOCORE-IV,6
QUALCOMMADRENO220,6
VIVANTEVIVANTEGC1000+DUAL-CORE,6
ARMMALI-400MP2,6
ARMMALI-400MP,6
NVIDIAGEFORCEULP(TEGRA2),6
INTELGRAPHICSMEDIAACCELERATOR(GMA)600,6
POWERVRSGX540,6
INTELGRAPHICSMEDIAACCELERATOR(GMA)500,6
QUALCOMMADRENO205,6
QUALCOMMADRENO203,6
VIVANTEGC800,6
POWERVRSGX535,6
POWERVRSGX531,6
POWERVRSGX530,6
QUALCOMMADRENO200,6
ARMMALI-200,6
NVIDIAGEFORCE3GO,6
NVIDIAGEFORCE2GO200/100,6
ATIMOBILITYRADEON9100IGP,6
ATIMOBILITYRADEON9000IGP,6
ATIMOBILITYRADEONM7,6
ATIMOBILITYRADEONM6,6
VIACHROME9HC,6
INTELEXTREMEGRAPHICS2,6
ATIMOBILITYRADEON7000IGP,6
ATIRADEONIGP340M,6
ATIRADEONIGP320M,6
VIAS3GUNICHROMEPROII,6
VIAS3GUNICHROMEPRO,6
VIACASTLEROCK,6
SISMIRAGE2M760,6
SISMIRAGEM661FX,6
VIAS3GRAPHICSPROSAVAGE8,6
ATIMOBILITY128M3,6
SILICONMOTIONSM502,6